{
    "accuracy": 0.9501845018450185,
    "precision": 0.8079470198675497,
    "recall": 0.8299319727891157,
    "roc_auc": 0.9456508323713689
}
